Choice_ID,Complexity,Duration,Improvement_Plan,Question_ID,Risk
cost_cloud_financial_management_budget_forecast,Low,Low,https://docs.aws.amazon.com/wellarchitected/latest/framework/cost_cloud_financial_management_budget_forecast.html,cloud-financial-management,High
cost_select_service_licensing,Medium,Low,https://docs.aws.amazon.com/wellarchitected/latest/framework/cost_select_service_licensing.html,select-service,Medium
rel_testing_resiliency_rca_resiliency,Medium,Low,https://docs.aws.amazon.com/wellarchitected/latest/framework/rel_testing_resiliency_rca_resiliency.html,testing-resiliency,High
perf_continue_having_appropriate_resource_type_evolve,Medium,High,https://docs.aws.amazon.com/wellarchitected/latest/framework/perf_continue_having_appropriate_resource_type_evolve.html,continue-having-appropriate-resource-type,Medium
perf_process_culture_workload_performance,Medium,Medium,https://docs.aws.amazon.com/wellarchitected/latest/framework/perf_process_culture_workload_performance.html,process-culture,Medium
ops_ops_model_def_proc_owners,Medium,Low,https://docs.aws.amazon.com/wellarchitected/latest/framework/ops_ops_model_def_proc_owners.html,ops-model,High
sec_appsec_deploy_software_programmatically,Medium,Medium,https://docs.aws.amazon.com/wellarchitected/latest/framework/sec_appsec_deploy_software_programmatically.html,application-security,High
sec_data_classification_auto_classification,High,Medium,https://docs.aws.amazon.com/wellarchitected/latest/framework/sec_data_classification_auto_classification.html,data-classification,Low
perf_data_access_patterns_caching,High,Medium,https://docs.aws.amazon.com/wellarchitected/latest/framework/perf_data_access_patterns_caching.html,data-management,Medium
ops_mit_deploy_risks_test_val_chg,Medium,Medium,https://docs.aws.amazon.com/wellarchitected/latest/framework/ops_mit_deploy_risks_test_val_chg.html,mit-deploy-risks,High
perf_performing_architecture_cost,Medium,Medium,https://docs.aws.amazon.com/wellarchitected/latest/framework/perf_performing_architecture_cost.html,performing-architecture,Medium
rel_fault_isolation_multiaz_region_system,High,Medium,https://docs.aws.amazon.com/wellarchitected/latest/framework/rel_fault_isolation_multiaz_region_system.html,fault-isolation,High
sec_protect_data_transit_auto_unintended_access,High,Medium,https://docs.aws.amazon.com/wellarchitected/latest/framework/sec_protect_data_transit_auto_unintended_access.html,protect-data-transit,Low
rel_monitor_aws_resources_notification_aggregation,Medium,Medium,https://docs.aws.amazon.com/wellarchitected/latest/framework/rel_monitor_aws_resources_notification_aggregation.html,monitor-aws-resources,High
cost_decomissioning_resources_data_retention,Low,Low,https://docs.aws.amazon.com/wellarchitected/latest/framework/cost_decomissioning_resources_data_retention.html,decomissioning-resources,Medium
ops_workload_observability_analyze_workload_logs,Medium,Medium,https://docs.aws.amazon.com/wellarchitected/latest/framework/ops_workload_observability_analyze_workload_logs.html,workload-observability,Medium
rel_prevent_interaction_failure_loosely_coupled_system,High,Medium,https://docs.aws.amazon.com/wellarchitected/latest/framework/rel_prevent_interaction_failure_loosely_coupled_system.html,prevent-interaction-failure,Medium
cost_govern_usage_account_structure,Medium,Low,https://docs.aws.amazon.com/wellarchitected/latest/framework/cost_govern_usage_account_structure.html,govern-usage,High
cost_select_service_requirements,Medium,Medium,https://docs.aws.amazon.com/wellarchitected/latest/framework/cost_select_service_requirements.html,select-service,High
sus_sus_data_a4,Medium,Medium,https://docs.aws.amazon.com/wellarchitected/latest/framework/sus_sus_data_a4.html,sus_data,Medium
cost_type_size_number_resources_data,Medium,Medium,https://docs.aws.amazon.com/wellarchitected/latest/framework/cost_type_size_number_resources_data.html,type-size-number-resources,Low
sec_detect_investigate_events_logs,High,Medium,https://docs.aws.amazon.com/wellarchitected/latest/framework/sec_detect_investigate_events_logs.html,detect-investigate-events,Medium
perf_right_database_solution_collect_metrics,Medium,Medium,https://docs.aws.amazon.com/wellarchitected/latest/framework/perf_right_database_solution_collect_metrics.html,right-database-solution,Low
ops_operations_health_ops_outcome_alerts,Medium,Low,https://docs.aws.amazon.com/wellarchitected/latest/framework/ops_operations_health_ops_outcome_alerts.html,operations-health,High
perf_process_culture_review_metrics,Medium,Medium,https://docs.aws.amazon.com/wellarchitected/latest/framework/perf_process_culture_review_metrics.html,process-culture,Medium
ops_mit_deploy_risks_test_limited_deploy,Medium,Medium,https://docs.aws.amazon.com/wellarchitected/latest/framework/ops_mit_deploy_risks_test_limited_deploy.html,mit-deploy-risks,Medium
ops_event_response_dashboards,Medium,High,https://docs.aws.amazon.com/wellarchitected/latest/framework/ops_event_response_dashboards.html,event-response,Medium
cost_select_service_analyze_all,High,Medium,https://docs.aws.amazon.com/wellarchitected/latest/framework/cost_select_service_analyze_all.html,select-service,Medium
ops_event_response_auto_event_response,High,High,https://docs.aws.amazon.com/wellarchitected/latest/framework/ops_event_response_auto_event_response.html,event-response,Low
perf_networking_choose_network_protocols_improve_performance,Medium,Medium,https://docs.aws.amazon.com/wellarchitected/latest/framework/perf_networking_choose_network_protocols_improve_performance.html,networking,Medium
perf_networking_load_balancing_distribute_traffic,Medium,Medium,https://docs.aws.amazon.com/wellarchitected/latest/framework/perf_networking_load_balancing_distribute_traffic.html,networking,High
perf_tradeoffs_performance_measure,Medium,Medium,https://docs.aws.amazon.com/wellarchitected/latest/framework/perf_tradeoffs_performance_measure.html,tradeoffs-performance,Medium
rel_planning_for_recovery_auto_recovery,High,High,https://docs.aws.amazon.com/wellarchitected/latest/framework/rel_planning_for_recovery_auto_recovery.html,planning-for-recovery,Medium
sec_data_classification_lifecycle_management,Medium,Medium,https://docs.aws.amazon.com/wellarchitected/latest/framework/sec_data_classification_lifecycle_management.html,data-classification,Medium
sec_permissions_share_securely_third_party,Low,Low,https://docs.aws.amazon.com/wellarchitected/latest/framework/sec_permissions_share_securely_third_party.html,permissions,Medium
ops_event_response_push_notify,Low,High,https://docs.aws.amazon.com/wellarchitected/latest/framework/ops_event_response_push_notify.html,event-response,Medium
ops_evolve_ops_feedback_loops,Medium,High,https://docs.aws.amazon.com/wellarchitected/latest/framework/ops_evolve_ops_feedback_loops.html,evolve-ops,High
ops_org_culture_effective_comms,Medium,Medium,https://docs.aws.amazon.com/wellarchitected/latest/framework/ops_org_culture_effective_comms.html,org-culture,High
sec_protect_data_transit_key_cert_mgmt,Medium,Medium,https://docs.aws.amazon.com/wellarchitected/latest/framework/sec_protect_data_transit_key_cert_mgmt.html,protect-data-transit,High
sec_protect_data_rest_access_control,Medium,Medium,https://docs.aws.amazon.com/wellarchitected/latest/framework/sec_protect_data_rest_access_control.html,protect-data-rest,Medium
sec_incident_response_identify_personnel,Low,Medium,https://docs.aws.amazon.com/wellarchitected/latest/framework/sec_incident_response_identify_personnel.html,incident-response,High
rel_mitigate_interaction_failure_throttle_requests,Medium,Medium,https://docs.aws.amazon.com/wellarchitected/latest/framework/rel_mitigate_interaction_failure_throttle_requests.html,mitigate-interaction-failure,High
perf_performing_architecture_process,Medium,Medium,https://docs.aws.amazon.com/wellarchitected/latest/framework/perf_performing_architecture_process.html,performing-architecture,Medium
rel_prevent_interaction_failure_constant_work,Medium,High,https://docs.aws.amazon.com/wellarchitected/latest/framework/rel_prevent_interaction_failure_constant_work.html,prevent-interaction-failure,Medium
ops_workload_observability_create_alerts,Medium,Low,https://docs.aws.amazon.com/wellarchitected/latest/framework/ops_workload_observability_create_alerts.html,workload-observability,High
rel_tracking_change_management_automated_changemgmt,High,High,https://docs.aws.amazon.com/wellarchitected/latest/framework/rel_tracking_change_management_automated_changemgmt.html,tracking-change-management,Medium
sec_permissions_lifecycle,Medium,Medium,https://docs.aws.amazon.com/wellarchitected/latest/framework/sec_permissions_lifecycle.html,permissions,Medium
perf_process_culture_establish_key_performance_indicators,Medium,Low,https://docs.aws.amazon.com/wellarchitected/latest/framework/perf_process_culture_establish_key_performance_indicators.html,process-culture,High
rel_backing_up_data_identified_backups_data,Medium,Medium,https://docs.aws.amazon.com/wellarchitected/latest/framework/rel_backing_up_data_identified_backups_data.html,backing-up-data,High
sus_sus_data_a7,Medium,Medium,https://docs.aws.amazon.com/wellarchitected/latest/framework/sus_sus_data_a7.html,sus_data,Medium
cost_govern_usage_controls,Low,Low,https://docs.aws.amazon.com/wellarchitected/latest/framework/cost_govern_usage_controls.html,govern-usage,Medium
perf_architecture_understand_cloud_services_and_features,Low,Medium,https://docs.aws.amazon.com/wellarchitected/latest/framework/perf_architecture_understand_cloud_services_and_features.html,performing-architecture,High
cost_monitor_usage_detailed_source,Medium,Medium,https://docs.aws.amazon.com/wellarchitected/latest/framework/cost_monitor_usage_detailed_source.html,monitor-usage,High
sec_protect_compute_reduce_surface,Medium,Medium,https://docs.aws.amazon.com/wellarchitected/latest/framework/sec_protect_compute_reduce_surface.html,protect-compute,High
rel_manage_service_limits_limits_considered,Medium,Medium,https://docs.aws.amazon.com/wellarchitected/latest/framework/rel_manage_service_limits_limits_considered.html,manage-service-limits,High
ops_org_culture_diverse_inc_access,Medium,High,https://docs.aws.amazon.com/wellarchitected/latest/framework/ops_org_culture_diverse_inc_access.html,org-culture,Low
perf_monitor_instances_post_launch_record_metrics,Medium,Medium,https://docs.aws.amazon.com/wellarchitected/latest/framework/perf_monitor_instances_post_launch_record_metrics.html,monitor-instances-post-launch,Medium
rel_mitigate_interaction_failure_fail_fast,Medium,Medium,https://docs.aws.amazon.com/wellarchitected/latest/framework/rel_mitigate_interaction_failure_fail_fast.html,mitigate-interaction-failure,High
cost_cloud_financial_management_culture,Low,Medium,https://docs.aws.amazon.com/wellarchitected/latest/framework/cost_cloud_financial_management_culture.html,cloud-financial-management,Low
ops_workload_health_workload_metric_baselines,Medium,Medium,https://docs.aws.amazon.com/wellarchitected/latest/framework/ops_workload_health_workload_metric_baselines.html,workload-health,Medium
rel_prevent_interaction_failure_idempotent,High,High,https://docs.aws.amazon.com/wellarchitected/latest/framework/rel_prevent_interaction_failure_idempotent.html,prevent-interaction-failure,Medium
perf_networking_optimize_network_configuration_based_on_metrics,Medium,Medium,https://docs.aws.amazon.com/wellarchitected/latest/framework/perf_networking_optimize_network_configuration_based_on_metrics.html,networking,Low
ops_workload_observability_analyze_workload_traces,Medium,Low,https://docs.aws.amazon.com/wellarchitected/latest/framework/ops_workload_observability_analyze_workload_traces.html,workload-observability,Medium
sec_permissions_analyze_cross_account,Medium,Medium,https://docs.aws.amazon.com/wellarchitected/latest/framework/sec_permissions_analyze_cross_account.html,permissions,Medium
ops_workload_health_design_workload_metrics,Medium,Medium,https://docs.aws.amazon.com/wellarchitected/latest/framework/ops_workload_health_design_workload_metrics.html,workload-health,High
sec_detect_investigate_events_analyze_all,Medium,Medium,https://docs.aws.amazon.com/wellarchitected/latest/framework/sec_detect_investigate_events_analyze_all.html,detect-investigate-events,High
ops_dev_integ_patch_mgmt,Medium,Medium,https://docs.aws.amazon.com/wellarchitected/latest/framework/ops_dev_integ_patch_mgmt.html,dev-integ,Medium
perf_compute_hardware_scale_compute_resources_dynamically,High,Medium,https://docs.aws.amazon.com/wellarchitected/latest/framework/perf_compute_hardware_scale_compute_resources_dynamically.html,compute-hardware,High
cost_manage_demand_resources_buffer_throttle,Medium,Low,https://docs.aws.amazon.com/wellarchitected/latest/framework/cost_manage_demand_resources_buffer_throttle.html,manage-demand-resources,Medium
ops_observability_customer_telemetry,Medium,Medium,https://docs.aws.amazon.com/wellarchitected/latest/framework/ops_observability_customer_telemetry.html,observability,High
cost_govern_usage_goal_target,Low,Low,https://docs.aws.amazon.com/wellarchitected/latest/framework/cost_govern_usage_goal_target.html,govern-usage,High
rel_manage_service_limits_aware_fixed_limits,Medium,Medium,https://docs.aws.amazon.com/wellarchitected/latest/framework/rel_manage_service_limits_aware_fixed_limits.html,manage-service-limits,Medium
cost_type_size_number_resources_cost_modeling,High,Low,https://docs.aws.amazon.com/wellarchitected/latest/framework/cost_type_size_number_resources_cost_modeling.html,type-size-number-resources,High
sec_network_protection_auto_protect,High,Medium,https://docs.aws.amazon.com/wellarchitected/latest/framework/sec_network_protection_auto_protect.html,network-protection,Low
sus_sus_dev_a4,Medium,Medium,https://docs.aws.amazon.com/wellarchitected/latest/framework/sus_sus_dev_a4.html,sus_dev,Low
perf_networking_choose_workload_location_network_requirements,Low,Medium,https://docs.aws.amazon.com/wellarchitected/latest/framework/perf_networking_choose_workload_location_network_requirements.html,networking,Medium
ops_org_culture_team_enc_experiment,Medium,High,https://docs.aws.amazon.com/wellarchitected/latest/framework/ops_org_culture_team_enc_experiment.html,org-culture,Medium
ops_telemetry_workload_telemetry,High,Medium,https://docs.aws.amazon.com/wellarchitected/latest/framework/ops_telemetry_workload_telemetry.html,telemetry,High
rel_monitor_aws_resources_automate_response_monitor,High,Medium,https://docs.aws.amazon.com/wellarchitected/latest/framework/rel_monitor_aws_resources_automate_response_monitor.html,monitor-aws-resources,Medium
ops_operations_health_review_ops_metrics_prioritize_improvement,Low,Low,https://docs.aws.amazon.com/wellarchitected/latest/framework/ops_operations_health_review_ops_metrics_prioritize_improvement.html,operations-health,Medium
cost_type_size_number_resources_shared,High,Medium,https://docs.aws.amazon.com/wellarchitected/latest/framework/cost_type_size_number_resources_shared.html,type-size-number-resources,Medium
sus_sus_user_a2,High,Medium,https://docs.aws.amazon.com/wellarchitected/latest/framework/sus_sus_user_a2.html,sus_user,Medium
sus_sus_hardware_a5,Medium,Medium,https://docs.aws.amazon.com/wellarchitected/latest/framework/sus_sus_hardware_a5.html,sus_hardware,Medium
ops_operations_health_measure_ops_goals_kpis,Low,Low,https://docs.aws.amazon.com/wellarchitected/latest/framework/ops_operations_health_measure_ops_goals_kpis.html,operations-health,Medium
ops_ops_model_req_add_chg_exception,Medium,Medium,https://docs.aws.amazon.com/wellarchitected/latest/framework/ops_ops_model_req_add_chg_exception.html,ops-model,Medium
sus_sus_data_a8,Medium,Medium,https://docs.aws.amazon.com/wellarchitected/latest/framework/sus_sus_data_a8.html,sus_data,Medium
ops_dev_integ_version_control,Low,Low,https://docs.aws.amazon.com/wellarchitected/latest/framework/ops_dev_integ_version_control.html,dev-integ,High
sec_protect_compute_hardened_images,Medium,Medium,https://docs.aws.amazon.com/wellarchitected/latest/framework/sec_protect_compute_hardened_images.html,protect-compute,High
ops_evolve_ops_perform_rca_process,Medium,High,https://docs.aws.amazon.com/wellarchitected/latest/framework/ops_evolve_ops_perform_rca_process.html,evolve-ops,High
ops_ops_model_def_neg_team_agreements,Medium,Medium,https://docs.aws.amazon.com/wellarchitected/latest/framework/ops_ops_model_def_neg_team_agreements.html,ops-model,Low
perf_right_database_solution_understand_char,Low,Low,https://docs.aws.amazon.com/wellarchitected/latest/framework/perf_right_database_solution_understand_char.html,right-database-solution,Low
ops_ops_model_find_owner,Medium,Medium,https://docs.aws.amazon.com/wellarchitected/latest/framework/ops_ops_model_find_owner.html,ops-model,High
ops_org_culture_team_enc_escalation,Medium,Medium,https://docs.aws.amazon.com/wellarchitected/latest/framework/ops_org_culture_team_enc_escalation.html,org-culture,High
sec_securely_operate_updated_recommendations,Medium,High,https://docs.aws.amazon.com/wellarchitected/latest/framework/sec_securely_operate_updated_recommendations.html,securely-operate,High
ops_observability_dependency_telemetry,Medium,Medium,https://docs.aws.amazon.com/wellarchitected/latest/framework/ops_observability_dependency_telemetry.html,observability,High
ops_priorities_compliance_reqs,Medium,Low,https://docs.aws.amazon.com/wellarchitected/latest/framework/ops_priorities_compliance_reqs.html,priorities,High
sec_incident_response_establish_incident_framework,Medium,Medium,https://docs.aws.amazon.com/wellarchitected/latest/framework/sec_incident_response_establish_incident_framework.html,incident-response,Medium
perf_select_network_evaluate_features,Medium,Medium,https://docs.aws.amazon.com/wellarchitected/latest/framework/perf_select_network_evaluate_features.html,select-network,High
ops_workload_observability_analyze_workload_metrics,Medium,Low,https://docs.aws.amazon.com/wellarchitected/latest/framework/ops_workload_observability_analyze_workload_metrics.html,workload-observability,Medium
rel_fault_isolation_use_bulkhead,High,High,https://docs.aws.amazon.com/wellarchitected/latest/framework/rel_fault_isolation_use_bulkhead.html,fault-isolation,High
sec_detect_investigate_events_noncompliant_resources,High,High,https://docs.aws.amazon.com/wellarchitected/latest/framework/sec_detect_investigate_events_noncompliant_resources.html,detect-investigate-events,Medium
cost_govern_usage_policies,High,Low,https://docs.aws.amazon.com/wellarchitected/latest/framework/cost_govern_usage_policies.html,govern-usage,High
sec_protect_compute_reduce_manual_management,Low,Low,https://docs.aws.amazon.com/wellarchitected/latest/framework/sec_protect_compute_reduce_manual_management.html,protect-compute,Medium
rel_service_architecture_business_domains,High,Medium,https://docs.aws.amazon.com/wellarchitected/latest/framework/rel_service_architecture_business_domains.html,service-architecture,High
perf_select_compute_evaluate_options,Medium,Medium,https://docs.aws.amazon.com/wellarchitected/latest/framework/perf_select_compute_evaluate_options.html,select-compute,Medium
ops_workload_health_workload_anomaly_alerts,High,Medium,https://docs.aws.amazon.com/wellarchitected/latest/framework/ops_workload_health_workload_anomaly_alerts.html,workload-health,Medium
cost_monitor_usage_org_information,Low,Low,https://docs.aws.amazon.com/wellarchitected/latest/framework/cost_monitor_usage_org_information.html,monitor-usage,Medium
sec_appsec_centralize_services_for_packages_and_dependencies,Medium,Medium,https://docs.aws.amazon.com/wellarchitected/latest/framework/sec_appsec_centralize_services_for_packages_and_dependencies.html,application-security,Medium
ops_mit_deploy_risks_deploy_mgmt_sys,Medium,Medium,https://docs.aws.amazon.com/wellarchitected/latest/framework/ops_mit_deploy_risks_deploy_mgmt_sys.html,mit-deploy-risks,Medium
sec_detect_investigate_events_app_service_logging,Medium,Medium,https://docs.aws.amazon.com/wellarchitected/latest/framework/sec_detect_investigate_events_app_service_logging.html,detect-investigate-events,High
ops_evolve_ops_validate_insights,Medium,High,https://docs.aws.amazon.com/wellarchitected/latest/framework/ops_evolve_ops_validate_insights.html,evolve-ops,Medium
sec_identities_secrets,Medium,Low,https://docs.aws.amazon.com/wellarchitected/latest/framework/sec_identities_secrets.html,identities,High
sus_sus_dev_a3,Low,Low,https://docs.aws.amazon.com/wellarchitected/latest/framework/sus_sus_dev_a3.html,sus_dev,Low
ops_observability_dist_trace,High,Medium,https://docs.aws.amazon.com/wellarchitected/latest/framework/ops_observability_dist_trace.html,observability,High
cost_data_transfer_modeling,High,Medium,https://docs.aws.amazon.com/wellarchitected/latest/framework/cost_data_transfer_modeling.html,data-transfer,High
ops_ready_to_support_informed_deploy_decisions,Medium,Medium,https://docs.aws.amazon.com/wellarchitected/latest/framework/ops_ready_to_support_informed_deploy_decisions.html,ready-to-support,Low
sec_protect_data_rest_use_people_away,High,Medium,https://docs.aws.amazon.com/wellarchitected/latest/framework/sec_protect_data_rest_use_people_away.html,protect-data-rest,Medium
cost_pricing_model_analysis,High,Low,https://docs.aws.amazon.com/wellarchitected/latest/framework/cost_pricing_model_analysis.html,pricing-model,Low
sus_sus_data_a5,High,Medium,https://docs.aws.amazon.com/wellarchitected/latest/framework/sus_sus_data_a5.html,sus_data,Medium
cost_monitor_usage_config_tools,Low,Low,https://docs.aws.amazon.com/wellarchitected/latest/framework/cost_monitor_usage_config_tools.html,monitor-usage,High
cost_manage_demand_resources_dynamic,Medium,Low,https://docs.aws.amazon.com/wellarchitected/latest/framework/cost_manage_demand_resources_dynamic.html,manage-demand-resources,Medium
perf_select_network_protocols,Medium,High,https://docs.aws.amazon.com/wellarchitected/latest/framework/perf_select_network_protocols.html,select-network,Medium
ops_dev_integ_share_design_stds,Medium,High,https://docs.aws.amazon.com/wellarchitected/latest/framework/ops_dev_integ_share_design_stds.html,dev-integ,Medium
perf_select_compute_elasticity,Medium,Medium,https://docs.aws.amazon.com/wellarchitected/latest/framework/perf_select_compute_elasticity.html,select-compute,Medium
rel_withstand_component_failures_failover2good,High,Medium,https://docs.aws.amazon.com/wellarchitected/latest/framework/rel_withstand_component_failures_failover2good.html,withstand-component-failures,High
perf_right_storage_solution_evaluated_options,Medium,Low,https://docs.aws.amazon.com/wellarchitected/latest/framework/perf_right_storage_solution_evaluated_options.html,right-storage-solution,Medium
sec_permissions_share_securely,Medium,Medium,https://docs.aws.amazon.com/wellarchitected/latest/framework/sec_permissions_share_securely.html,permissions,Medium
perf_right_storage_solution_optimize_patterns,Medium,Low,https://docs.aws.amazon.com/wellarchitected/latest/framework/perf_right_storage_solution_optimize_patterns.html,right-storage-solution,Medium
ops_mit_deploy_risks_plan_for_unsucessful_changes,High,Medium,https://docs.aws.amazon.com/wellarchitected/latest/framework/ops_mit_deploy_risks_plan_for_unsucessful_changes.html,mit-deploy-risks,High
rel_mitigate_interaction_failure_client_timeouts,Medium,Medium,https://docs.aws.amazon.com/wellarchitected/latest/framework/rel_mitigate_interaction_failure_client_timeouts.html,mitigate-interaction-failure,High
perf_architecture_use_policies_and_reference_architectures,Low,Medium,https://docs.aws.amazon.com/wellarchitected/latest/framework/perf_architecture_use_policies_and_reference_architectures.html,performing-architecture,Medium
sec_protect_data_rest_encrypt,Low,Low,https://docs.aws.amazon.com/wellarchitected/latest/framework/sec_protect_data_rest_encrypt.html,protect-data-rest,High
ops_org_culture_team_enc_learn,Medium,High,https://docs.aws.amazon.com/wellarchitected/latest/framework/ops_org_culture_team_enc_learn.html,org-culture,Medium
rel_mitigate_interaction_failure_graceful_degradation,High,Medium,https://docs.aws.amazon.com/wellarchitected/latest/framework/rel_mitigate_interaction_failure_graceful_degradation.html,mitigate-interaction-failure,High
rel_mitigate_interaction_failure_emergency_levers,Medium,Medium,https://docs.aws.amazon.com/wellarchitected/latest/framework/rel_mitigate_interaction_failure_emergency_levers.html,mitigate-interaction-failure,Medium
ops_operations_health_communicate_status_trends,Low,Low,https://docs.aws.amazon.com/wellarchitected/latest/framework/ops_operations_health_communicate_status_trends.html,operations-health,Medium
rel_planning_for_recovery_objective_defined_recovery,Medium,Low,https://docs.aws.amazon.com/wellarchitected/latest/framework/rel_planning_for_recovery_objective_defined_recovery.html,planning-for-recovery,High
sus_sus_data_a3,Medium,Medium,https://docs.aws.amazon.com/wellarchitected/latest/framework/sus_sus_data_a3.html,sus_data,Low
ops_operations_health_design_ops_metrics,Medium,Medium,https://docs.aws.amazon.com/wellarchitected/latest/framework/ops_operations_health_design_ops_metrics.html,operations-health,Medium
sus_sus_dev_a5,Medium,Medium,https://docs.aws.amazon.com/wellarchitected/latest/framework/sus_sus_dev_a5.html,sus_dev,Low
sec_appsec_automate_testing_throughout_lifecycle,Medium,Medium,https://docs.aws.amazon.com/wellarchitected/latest/framework/sec_appsec_automate_testing_throughout_lifecycle.html,application-security,Medium
perf_process_culture_keep_workload_and_services_up_to_date,Medium,Medium,https://docs.aws.amazon.com/wellarchitected/latest/framework/perf_process_culture_keep_workload_and_services_up_to_date.html,process-culture,Low
rel_manage_service_limits_automated_monitor_limits,Medium,Medium,https://docs.aws.amazon.com/wellarchitected/latest/framework/rel_manage_service_limits_automated_monitor_limits.html,manage-service-limits,Medium
sec_identities_unique,Medium,Medium,https://docs.aws.amazon.com/wellarchitected/latest/framework/sec_identities_unique.html,identities,High
sec_protect_data_transit_authentication,Medium,Medium,https://docs.aws.amazon.com/wellarchitected/latest/framework/sec_protect_data_transit_authentication.html,protect-data-transit,Medium
perf_continue_having_appropriate_resource_type_keep_up_to_date,Low,Low,https://docs.aws.amazon.com/wellarchitected/latest/framework/perf_continue_having_appropriate_resource_type_keep_up_to_date.html,continue-having-appropriate-resource-type,Low
ops_priorities_ext_cust_needs,Medium,Low,https://docs.aws.amazon.com/wellarchitected/latest/framework/ops_priorities_ext_cust_needs.html,priorities,High
sus_sus_dev_a2,Medium,High,https://docs.aws.amazon.com/wellarchitected/latest/framework/sus_sus_dev_a2.html,sus_dev,Medium
rel_withstand_component_failures_notifications_sent_system,High,High,https://docs.aws.amazon.com/wellarchitected/latest/framework/rel_withstand_component_failures_notifications_sent_system.html,withstand-component-failures,Medium
perf_select_compute_right_sizing,Medium,Medium,https://docs.aws.amazon.com/wellarchitected/latest/framework/perf_select_compute_right_sizing.html,select-compute,Medium
sus_sus_user_a4,Medium,Medium,https://docs.aws.amazon.com/wellarchitected/latest/framework/sus_sus_user_a4.html,sus_user,Low
perf_data_collect_record_data_store_performance_metrics,Medium,Medium,https://docs.aws.amazon.com/wellarchitected/latest/framework/perf_data_collect_record_data_store_performance_metrics.html,data-management,High
ops_dev_integ_multi_env,Medium,Medium,https://docs.aws.amazon.com/wellarchitected/latest/framework/ops_dev_integ_multi_env.html,dev-integ,Medium
perf_networking_evaluate_networking_features,Medium,Medium,https://docs.aws.amazon.com/wellarchitected/latest/framework/perf_networking_evaluate_networking_features.html,networking,High
cost_cloud_financial_management_scheduled,Low,Medium,https://docs.aws.amazon.com/wellarchitected/latest/framework/cost_cloud_financial_management_scheduled.html,cloud-financial-management,Medium
ops_workload_observability_create_dashboards,Low,Low,https://docs.aws.amazon.com/wellarchitected/latest/framework/ops_workload_observability_create_dashboards.html,workload-observability,Medium
ops_ready_to_support_use_playbooks,Medium,Medium,https://docs.aws.amazon.com/wellarchitected/latest/framework/ops_ready_to_support_use_playbooks.html,ready-to-support,Medium
ops_org_culture_team_res_appro,Low,Medium,https://docs.aws.amazon.com/wellarchitected/latest/framework/ops_org_culture_team_res_appro.html,org-culture,Medium
sec_identities_enforce_mechanisms,Low,Low,https://docs.aws.amazon.com/wellarchitected/latest/framework/sec_identities_enforce_mechanisms.html,identities,High
cost_pricing_model_implement_models,Medium,Medium,https://docs.aws.amazon.com/wellarchitected/latest/framework/cost_pricing_model_implement_models.html,pricing-model,Medium
perf_select_network_optimize,Medium,Medium,https://docs.aws.amazon.com/wellarchitected/latest/framework/perf_select_network_optimize.html,select-network,Low
sus_sus_software_a6,Medium,Medium,https://docs.aws.amazon.com/wellarchitected/latest/framework/sus_sus_software_a6.html,sus_software,Medium
sus_sus_software_a3,Medium,Medium,https://docs.aws.amazon.com/wellarchitected/latest/framework/sus_sus_software_a3.html,sus_software,Medium
perf_compute_hardware_compute_accelerators,Medium,Medium,https://docs.aws.amazon.com/wellarchitected/latest/framework/perf_compute_hardware_compute_accelerators.html,compute-hardware,Medium
cost_pricing_model_third_party,High,Medium,https://docs.aws.amazon.com/wellarchitected/latest/framework/cost_pricing_model_third_party.html,pricing-model,Medium
cost_monitor_usage_define_kpi,Medium,Low,https://docs.aws.amazon.com/wellarchitected/latest/framework/cost_monitor_usage_define_kpi.html,monitor-usage,High
sec_protect_compute_implement_managed_services,Medium,Medium,https://docs.aws.amazon.com/wellarchitected/latest/framework/sec_protect_compute_implement_managed_services.html,protect-compute,Low
cost_select_service_select_for_cost,Medium,Low,https://docs.aws.amazon.com/wellarchitected/latest/framework/cost_select_service_select_for_cost.html,select-service,Medium
sus_sus_user_a5,Medium,Medium,https://docs.aws.amazon.com/wellarchitected/latest/framework/sus_sus_user_a5.html,sus_user,Medium
ops_ops_model_def_responsibilities_ownership,Low,Medium,https://docs.aws.amazon.com/wellarchitected/latest/framework/ops_ops_model_def_responsibilities_ownership.html,ops-model,High
perf_tradeoffs_performance_understand_impact,Medium,Medium,https://docs.aws.amazon.com/wellarchitected/latest/framework/perf_tradeoffs_performance_understand_impact.html,tradeoffs-performance,Medium
perf_monitor_instances_post_launch_proactive,High,Medium,https://docs.aws.amazon.com/wellarchitected/latest/framework/perf_monitor_instances_post_launch_proactive.html,monitor-instances-post-launch,Medium
rel_adapt_to_changes_reactive_adapt_auto,Medium,Medium,https://docs.aws.amazon.com/wellarchitected/latest/framework/rel_adapt_to_changes_reactive_adapt_auto.html,adapt-to-changes,Medium
cost_cloud_financial_management_usage_report,Low,Low,https://docs.aws.amazon.com/wellarchitected/latest/framework/cost_cloud_financial_management_usage_report.html,cloud-financial-management,Medium
sec_securely_operate_multi_accounts,Medium,Medium,https://docs.aws.amazon.com/wellarchitected/latest/framework/sec_securely_operate_multi_accounts.html,securely-operate,High
rel_testing_resiliency_playbook_resiliency,Medium,Medium,https://docs.aws.amazon.com/wellarchitected/latest/framework/rel_testing_resiliency_playbook_resiliency.html,testing-resiliency,High
sec_appsec_build_program_that_embeds_security_ownership_in_teams,Low,Medium,https://docs.aws.amazon.com/wellarchitected/latest/framework/sec_appsec_build_program_that_embeds_security_ownership_in_teams.html,application-security,Low
sec_securely_operate_threat_model,Medium,Medium,https://docs.aws.amazon.com/wellarchitected/latest/framework/sec_securely_operate_threat_model.html,securely-operate,Medium
sec_detect_investigate_events_actionable_events,Medium,Medium,https://docs.aws.amazon.com/wellarchitected/latest/framework/sec_detect_investigate_events_actionable_events.html,detect-investigate-events,Medium
rel_planning_for_recovery_dr_tested,High,Medium,https://docs.aws.amazon.com/wellarchitected/latest/framework/rel_planning_for_recovery_dr_tested.html,planning-for-recovery,High
ops_priorities_eval_threat_landscape,Medium,Low,https://docs.aws.amazon.com/wellarchitected/latest/framework/ops_priorities_eval_threat_landscape.html,priorities,Medium
sus_sus_software_a5,Medium,Medium,https://docs.aws.amazon.com/wellarchitected/latest/framework/sus_sus_software_a5.html,sus_software,Medium
perf_select_network_location,Medium,Medium,https://docs.aws.amazon.com/wellarchitected/latest/framework/perf_select_network_location.html,select-network,Medium
perf_tradeoffs_performance_implement_strategy,Medium,Medium,https://docs.aws.amazon.com/wellarchitected/latest/framework/perf_tradeoffs_performance_implement_strategy.html,tradeoffs-performance,Low
ops_event_response_define_escalation_paths,Medium,High,https://docs.aws.amazon.com/wellarchitected/latest/framework/ops_event_response_define_escalation_paths.html,event-response,Medium
rel_service_architecture_monolith_soa_microservice,High,Medium,https://docs.aws.amazon.com/wellarchitected/latest/framework/rel_service_architecture_monolith_soa_microservice.html,service-architecture,High
rel_withstand_component_failures_monitoring_health,Medium,Medium,https://docs.aws.amazon.com/wellarchitected/latest/framework/rel_withstand_component_failures_monitoring_health.html,withstand-component-failures,High
ops_operations_health_ops_metric_baselines,Medium,Low,https://docs.aws.amazon.com/wellarchitected/latest/framework/ops_operations_health_ops_metric_baselines.html,operations-health,Medium
sus_sus_hardware_a2,Medium,Medium,https://docs.aws.amazon.com/wellarchitected/latest/framework/sus_sus_hardware_a2.html,sus_hardware,Medium
rel_backing_up_data_periodic_recovery_testing_data,High,Low,https://docs.aws.amazon.com/wellarchitected/latest/framework/rel_backing_up_data_periodic_recovery_testing_data.html,backing-up-data,Medium
rel_fault_isolation_single_az_system,Medium,Medium,https://docs.aws.amazon.com/wellarchitected/latest/framework/rel_fault_isolation_single_az_system.html,fault-isolation,Medium
ops_dev_integ_build_mgmt_sys,Medium,Medium,https://docs.aws.amazon.com/wellarchitected/latest/framework/ops_dev_integ_build_mgmt_sys.html,dev-integ,Medium
sec_identities_identity_provider,Medium,Medium,https://docs.aws.amazon.com/wellarchitected/latest/framework/sec_identities_identity_provider.html,identities,High
ops_priorities_int_cust_needs,Medium,Low,https://docs.aws.amazon.com/wellarchitected/latest/framework/ops_priorities_int_cust_needs.html,priorities,High
sec_network_protection_layered,Medium,Medium,https://docs.aws.amazon.com/wellarchitected/latest/framework/sec_network_protection_layered.html,network-protection,High
perf_process_culture_use_monitoring_solutions,Medium,High,https://docs.aws.amazon.com/wellarchitected/latest/framework/perf_process_culture_use_monitoring_solutions.html,process-culture,High
rel_monitor_aws_resources_monitor_resources,Medium,Medium,https://docs.aws.amazon.com/wellarchitected/latest/framework/rel_monitor_aws_resources_monitor_resources.html,monitor-aws-resources,High
perf_select_network_understand_impact,Medium,Medium,https://docs.aws.amazon.com/wellarchitected/latest/framework/perf_select_network_understand_impact.html,select-network,High
perf_select_compute_config_options,Medium,Medium,https://docs.aws.amazon.com/wellarchitected/latest/framework/perf_select_compute_config_options.html,select-compute,Medium
perf_select_network_encryption_offload,Medium,Medium,https://docs.aws.amazon.com/wellarchitected/latest/framework/perf_select_network_encryption_offload.html,select-network,Low
ops_telemetry_customer_telemetry,High,Medium,https://docs.aws.amazon.com/wellarchitected/latest/framework/ops_telemetry_customer_telemetry.html,telemetry,High
sec_securely_operate_automate_security_controls,Medium,Medium,https://docs.aws.amazon.com/wellarchitected/latest/framework/sec_securely_operate_automate_security_controls.html,securely-operate,Medium
perf_performing_architecture_benchmark,Low,Medium,https://docs.aws.amazon.com/wellarchitected/latest/framework/perf_performing_architecture_benchmark.html,performing-architecture,Low
ops_ops_model_def_activity_owners,Medium,Low,https://docs.aws.amazon.com/wellarchitected/latest/framework/ops_ops_model_def_activity_owners.html,ops-model,High
perf_architecture_guidance_architecture_patterns_best_practices,Low,Low,https://docs.aws.amazon.com/wellarchitected/latest/framework/perf_architecture_guidance_architecture_patterns_best_practices.html,performing-architecture,Medium
rel_mitigate_interaction_failure_limit_retries,Medium,Medium,https://docs.aws.amazon.com/wellarchitected/latest/framework/rel_mitigate_interaction_failure_limit_retries.html,mitigate-interaction-failure,High
cost_decomissioning_resources_track,Medium,Medium,https://docs.aws.amazon.com/wellarchitected/latest/framework/cost_decomissioning_resources_track.html,decomissioning-resources,High
sec_network_protection_create_layers,Medium,Medium,https://docs.aws.amazon.com/wellarchitected/latest/framework/sec_network_protection_create_layers.html,network-protection,High
ops_observability_identify_kpis,Low,Low,https://docs.aws.amazon.com/wellarchitected/latest/framework/ops_observability_identify_kpis.html,observability,High
rel_tracking_change_management_resiliency_testing,High,Medium,https://docs.aws.amazon.com/wellarchitected/latest/framework/rel_tracking_change_management_resiliency_testing.html,tracking-change-management,Medium
rel_withstand_component_failures_avoid_control_plane,Medium,Medium,https://docs.aws.amazon.com/wellarchitected/latest/framework/rel_withstand_component_failures_avoid_control_plane.html,withstand-component-failures,Medium
cost_pricing_model_region_cost,Medium,Low,https://docs.aws.amazon.com/wellarchitected/latest/framework/cost_pricing_model_region_cost.html,pricing-model,Low
ops_dev_integ_auto_integ_deploy,High,Medium,https://docs.aws.amazon.com/wellarchitected/latest/framework/ops_dev_integ_auto_integ_deploy.html,dev-integ,Low
perf_continue_having_appropriate_resource_type_define_process,Low,High,https://docs.aws.amazon.com/wellarchitected/latest/framework/perf_continue_having_appropriate_resource_type_define_process.html,continue-having-appropriate-resource-type,Medium
rel_testing_resiliency_failure_injection_resiliency,Medium,Medium,https://docs.aws.amazon.com/wellarchitected/latest/framework/rel_testing_resiliency_failure_injection_resiliency.html,testing-resiliency,Medium
rel_backing_up_data_secured_backups_data,Low,Low,https://docs.aws.amazon.com/wellarchitected/latest/framework/rel_backing_up_data_secured_backups_data.html,backing-up-data,High
sec_incident_response_auto_contain,Medium,Medium,https://docs.aws.amazon.com/wellarchitected/latest/framework/sec_incident_response_auto_contain.html,incident-response,Medium
sus_sus_data_a9,Medium,Low,https://docs.aws.amazon.com/wellarchitected/latest/framework/sus_sus_data_a9.html,sus_data,Medium
ops_operations_health_ops_anomaly_alerts,Medium,Low,https://docs.aws.amazon.com/wellarchitected/latest/framework/ops_operations_health_ops_anomaly_alerts.html,operations-health,Medium
rel_planning_network_topology_ha_conn_private_networks,High,Medium,https://docs.aws.amazon.com/wellarchitected/latest/framework/rel_planning_network_topology_ha_conn_private_networks.html,planning-network-topology,High
rel_planning_for_recovery_config_drift,High,Medium,https://docs.aws.amazon.com/wellarchitected/latest/framework/rel_planning_for_recovery_config_drift.html,planning-for-recovery,Medium
ops_ready_to_support_personnel_capability,Medium,High,https://docs.aws.amazon.com/wellarchitected/latest/framework/ops_ready_to_support_personnel_capability.html,ready-to-support,High
ops_operations_health_biz_level_view_ops,Low,Medium,https://docs.aws.amazon.com/wellarchitected/latest/framework/ops_operations_health_biz_level_view_ops.html,operations-health,Medium
sec_data_classification_define_protection,Medium,Medium,https://docs.aws.amazon.com/wellarchitected/latest/framework/sec_data_classification_define_protection.html,data-classification,High
cost_govern_usage_track_lifecycle,Medium,Medium,https://docs.aws.amazon.com/wellarchitected/latest/framework/cost_govern_usage_track_lifecycle.html,govern-usage,Medium
ops_org_culture_team_emp_take_action,Medium,High,https://docs.aws.amazon.com/wellarchitected/latest/framework/ops_org_culture_team_emp_take_action.html,org-culture,High
perf_compute_hardware_select_best_compute_options,Medium,Medium,https://docs.aws.amazon.com/wellarchitected/latest/framework/perf_compute_hardware_select_best_compute_options.html,compute-hardware,High
cost_govern_usage_groups_roles,Low,Low,https://docs.aws.amazon.com/wellarchitected/latest/framework/cost_govern_usage_groups_roles.html,govern-usage,Medium
ops_dev_integ_freq_sm_rev_chg,Medium,High,https://docs.aws.amazon.com/wellarchitected/latest/framework/ops_dev_integ_freq_sm_rev_chg.html,dev-integ,Low
sec_incident_response_prepare_forensic,Medium,Medium,https://docs.aws.amazon.com/wellarchitected/latest/framework/sec_incident_response_prepare_forensic.html,incident-response,Medium
sec_protect_compute_validate_software_integrity,Medium,Medium,https://docs.aws.amazon.com/wellarchitected/latest/framework/sec_protect_compute_validate_software_integrity.html,protect-compute,Medium
sec_protect_compute_auto_protection,High,Medium,https://docs.aws.amazon.com/wellarchitected/latest/framework/sec_protect_compute_auto_protection.html,protect-compute,Low
sec_appsec_train_for_application_security,Medium,High,https://docs.aws.amazon.com/wellarchitected/latest/framework/sec_appsec_train_for_application_security.html,application-security,Medium
ops_workload_health_collect_analyze_workload_metrics,Medium,Medium,https://docs.aws.amazon.com/wellarchitected/latest/framework/ops_workload_health_collect_analyze_workload_metrics.html,workload-health,High
rel_monitor_aws_resources_storage_analytics,Medium,Medium,https://docs.aws.amazon.com/wellarchitected/latest/framework/rel_monitor_aws_resources_storage_analytics.html,monitor-aws-resources,Medium
rel_monitor_aws_resources_review_monitoring,Medium,High,https://docs.aws.amazon.com/wellarchitected/latest/framework/rel_monitor_aws_resources_review_monitoring.html,monitor-aws-resources,Medium
rel_prevent_interaction_failure_identify,High,Medium,https://docs.aws.amazon.com/wellarchitected/latest/framework/rel_prevent_interaction_failure_identify.html,prevent-interaction-failure,High
sec_permissions_define,Medium,Medium,https://docs.aws.amazon.com/wellarchitected/latest/framework/sec_permissions_define.html,permissions,High
sec_detect_investigate_events_security_alerts,High,High,https://docs.aws.amazon.com/wellarchitected/latest/framework/sec_detect_investigate_events_security_alerts.html,detect-investigate-events,Low
perf_process_culture_automation_remediate_issues,High,High,https://docs.aws.amazon.com/wellarchitected/latest/framework/perf_process_culture_automation_remediate_issues.html,process-culture,Low
sec_protect_data_rest_automate_protection,Medium,Medium,https://docs.aws.amazon.com/wellarchitected/latest/framework/sec_protect_data_rest_automate_protection.html,protect-data-rest,Low
rel_adapt_to_changes_proactive_adapt_auto,Medium,Medium,https://docs.aws.amazon.com/wellarchitected/latest/framework/rel_adapt_to_changes_proactive_adapt_auto.html,adapt-to-changes,Medium
ops_priorities_eval_tradeoffs,Medium,Low,https://docs.aws.amazon.com/wellarchitected/latest/framework/ops_priorities_eval_tradeoffs.html,priorities,Medium
sus_sus_hardware_a4,Low,Low,https://docs.aws.amazon.com/wellarchitected/latest/framework/sus_sus_hardware_a4.html,sus_hardware,Medium
perf_architecture_evaluate_trade_offs,Low,Medium,https://docs.aws.amazon.com/wellarchitected/latest/framework/perf_architecture_evaluate_trade_offs.html,performing-architecture,High
perf_process_culture_use_monitoring_solutionse,Medium,Medium,https://docs.aws.amazon.com/wellarchitected/latest/framework/perf_process_culture_use_monitoring_solutionse.html,process-culture,High
perf_right_database_solution_evaluate_options,Low,Low,https://docs.aws.amazon.com/wellarchitected/latest/framework/perf_right_database_solution_evaluate_options.html,right-database-solution,Low
sus_sus_software_a2,High,High,https://docs.aws.amazon.com/wellarchitected/latest/framework/sus_sus_software_a2.html,sus_software,Medium
sus_sus_region_a2,Low,Low,https://docs.aws.amazon.com/wellarchitected/latest/framework/sus_sus_region_a2.html,sus_region,Low
ops_telemetry_dependency_telemetry,High,Medium,https://docs.aws.amazon.com/wellarchitected/latest/framework/ops_telemetry_dependency_telemetry.html,telemetry,High
perf_architecture_use_data_driven_approach,Low,Medium,https://docs.aws.amazon.com/wellarchitected/latest/framework/perf_architecture_use_data_driven_approach.html,performing-architecture,Medium
sec_incident_response_playbooks,Medium,Medium,https://docs.aws.amazon.com/wellarchitected/latest/framework/sec_incident_response_playbooks.html,incident-response,Medium
sec_incident_response_pre_provision_access,High,Medium,https://docs.aws.amazon.com/wellarchitected/latest/framework/sec_incident_response_pre_provision_access.html,incident-response,Medium
rel_planning_network_topology_non_overlap_ip,Medium,Medium,https://docs.aws.amazon.com/wellarchitected/latest/framework/rel_planning_network_topology_non_overlap_ip.html,planning-network-topology,Medium
sus_sus_data_a6,High,Medium,https://docs.aws.amazon.com/wellarchitected/latest/framework/sus_sus_data_a6.html,sus_data,Medium
sec_protect_compute_actions_distance,High,Medium,https://docs.aws.amazon.com/wellarchitected/latest/framework/sec_protect_compute_actions_distance.html,protect-compute,Medium
perf_architecture_factor_cost_into_architectural_decisions,Low,Low,https://docs.aws.amazon.com/wellarchitected/latest/framework/perf_architecture_factor_cost_into_architectural_decisions.html,performing-architecture,Medium
perf_monitor_instances_post_launch_establish_kpi,Medium,Low,https://docs.aws.amazon.com/wellarchitected/latest/framework/perf_monitor_instances_post_launch_establish_kpi.html,monitor-instances-post-launch,High
ops_observability_application_telemetry,High,High,https://docs.aws.amazon.com/wellarchitected/latest/framework/ops_observability_application_telemetry.html,observability,High
cost_decomissioning_resources_decomm_automated,High,Medium,https://docs.aws.amazon.com/wellarchitected/latest/framework/cost_decomissioning_resources_decomm_automated.html,decomissioning-resources,Medium
cost_manage_demand_resources_cost_analysis,High,Medium,https://docs.aws.amazon.com/wellarchitected/latest/framework/cost_manage_demand_resources_cost_analysis.html,manage-demand-resources,High
sec_securely_operate_control_objectives,Medium,Medium,https://docs.aws.amazon.com/wellarchitected/latest/framework/sec_securely_operate_control_objectives.html,securely-operate,High
perf_performing_architecture_load_test,High,Medium,https://docs.aws.amazon.com/wellarchitected/latest/framework/perf_performing_architecture_load_test.html,performing-architecture,Medium
ops_dev_integ_conf_mgmt_sys,Medium,Medium,https://docs.aws.amazon.com/wellarchitected/latest/framework/ops_dev_integ_conf_mgmt_sys.html,dev-integ,Medium
perf_select_compute_use_metrics,Low,Low,https://docs.aws.amazon.com/wellarchitected/latest/framework/perf_select_compute_use_metrics.html,select-compute,Medium
sus_sus_user_a3,Medium,High,https://docs.aws.amazon.com/wellarchitected/latest/framework/sus_sus_user_a3.html,sus_user,Low
sec_identities_groups_attributes,Medium,Low,https://docs.aws.amazon.com/wellarchitected/latest/framework/sec_identities_groups_attributes.html,identities,Medium
cost_cloud_financial_management_partnership,Medium,Medium,https://docs.aws.amazon.com/wellarchitected/latest/framework/cost_cloud_financial_management_partnership.html,cloud-financial-management,High
sec_protect_data_transit_encrypt,Medium,Medium,https://docs.aws.amazon.com/wellarchitected/latest/framework/sec_protect_data_transit_encrypt.html,protect-data-transit,High
ops_priorities_manage_risk_benefit,Medium,Medium,https://docs.aws.amazon.com/wellarchitected/latest/framework/ops_priorities_manage_risk_benefit.html,priorities,Low
rel_withstand_component_failures_static_stability,Low,Low,https://docs.aws.amazon.com/wellarchitected/latest/framework/rel_withstand_component_failures_static_stability.html,withstand-component-failures,Medium
ops_evolve_ops_share_lessons_learned,Medium,High,https://docs.aws.amazon.com/wellarchitected/latest/framework/ops_evolve_ops_share_lessons_learned.html,evolve-ops,Low
perf_performing_architecture_evaluate_resources,Low,Low,https://docs.aws.amazon.com/wellarchitected/latest/framework/perf_performing_architecture_evaluate_resources.html,performing-architecture,Medium
cost_monitor_usage_allocate_outcome,Low,Low,https://docs.aws.amazon.com/wellarchitected/latest/framework/cost_monitor_usage_allocate_outcome.html,monitor-usage,Medium
rel_tracking_change_management_functional_testing,Medium,Medium,https://docs.aws.amazon.com/wellarchitected/latest/framework/rel_tracking_change_management_functional_testing.html,tracking-change-management,High
perf_select_compute_collect_metrics,Medium,Medium,https://docs.aws.amazon.com/wellarchitected/latest/framework/perf_select_compute_collect_metrics.html,select-compute,High
ops_operations_health_learn_ops_usage_patterns,Medium,Low,https://docs.aws.amazon.com/wellarchitected/latest/framework/ops_operations_health_learn_ops_usage_patterns.html,operations-health,Low
ops_workload_health_biz_level_view_workload,Low,Low,https://docs.aws.amazon.com/wellarchitected/latest/framework/ops_workload_health_biz_level_view_workload.html,workload-health,Medium
rel_tracking_change_management_planned_changemgmt,Medium,Medium,https://docs.aws.amazon.com/wellarchitected/latest/framework/rel_tracking_change_management_planned_changemgmt.html,tracking-change-management,High
ops_mit_deploy_risks_auto_testing_and_rollback,Medium,Medium,https://docs.aws.amazon.com/wellarchitected/latest/framework/ops_mit_deploy_risks_auto_testing_and_rollback.html,mit-deploy-risks,Low
rel_testing_resiliency_test_functional,Medium,Medium,https://docs.aws.amazon.com/wellarchitected/latest/framework/rel_testing_resiliency_test_functional.html,testing-resiliency,High
rel_manage_service_limits_aware_quotas_and_constraints,Medium,Medium,https://docs.aws.amazon.com/wellarchitected/latest/framework/rel_manage_service_limits_aware_quotas_and_constraints.html,manage-service-limits,High
sus_sus_data_a2,Medium,High,https://docs.aws.amazon.com/wellarchitected/latest/framework/sus_sus_data_a2.html,sus_data,Medium
cost_cloud_financial_management_function,High,High,https://docs.aws.amazon.com/wellarchitected/latest/framework/cost_cloud_financial_management_function.html,cloud-financial-management,High
rel_testing_resiliency_game_days_resiliency,High,High,https://docs.aws.amazon.com/wellarchitected/latest/framework/rel_testing_resiliency_game_days_resiliency.html,testing-resiliency,Medium
cost_evaluate_cost_effort_automations_operations,Medium,High,https://docs.aws.amazon.com/wellarchitected/latest/framework/cost_evaluate_cost_effort_automations_operations.html,evaluate-cost-effort,Low
ops_priorities_governance_reqs,Medium,Low,https://docs.aws.amazon.com/wellarchitected/latest/framework/ops_priorities_governance_reqs.html,priorities,High
sus_sus_user_a7,Medium,Medium,https://docs.aws.amazon.com/wellarchitected/latest/framework/sus_sus_user_a7.html,sus_user,Low
ops_operations_health_collect_analyze_ops_metrics,Medium,Medium,https://docs.aws.amazon.com/wellarchitected/latest/framework/ops_operations_health_collect_analyze_ops_metrics.html,operations-health,Medium
sec_securely_operate_implement_services_features,Medium,High,https://docs.aws.amazon.com/wellarchitected/latest/framework/sec_securely_operate_implement_services_features.html,securely-operate,Medium
cost_pricing_model_master_analysis,Low,Low,https://docs.aws.amazon.com/wellarchitected/latest/framework/cost_pricing_model_master_analysis.html,pricing-model,Low
ops_ops_model_know_my_job,Low,Medium,https://docs.aws.amazon.com/wellarchitected/latest/framework/ops_ops_model_know_my_job.html,ops-model,High
sec_appsec_perform_regular_penetration_testing,High,Medium,https://docs.aws.amazon.com/wellarchitected/latest/framework/sec_appsec_perform_regular_penetration_testing.html,application-security,High
ops_org_culture_executive_sponsor,Low,High,https://docs.aws.amazon.com/wellarchitected/latest/framework/ops_org_culture_executive_sponsor.html,org-culture,High
cost_evaluate_new_services_review_workload,Low,Medium,https://docs.aws.amazon.com/wellarchitected/latest/framework/cost_evaluate_new_services_review_workload.html,evaluate-new-services,Medium
rel_adapt_to_changes_autoscale_adapt,Medium,Medium,https://docs.aws.amazon.com/wellarchitected/latest/framework/rel_adapt_to_changes_autoscale_adapt.html,adapt-to-changes,High
rel_adapt_to_changes_load_tested_adapt,High,Medium,https://docs.aws.amazon.com/wellarchitected/latest/framework/rel_adapt_to_changes_load_tested_adapt.html,adapt-to-changes,Medium
perf_networking_choose_appropriate_dedicated_connectivity_or_vpn,Medium,Medium,https://docs.aws.amazon.com/wellarchitected/latest/framework/perf_networking_choose_appropriate_dedicated_connectivity_or_vpn.html,networking,High
sec_appsec_manual_code_reviews,Low,Low,https://docs.aws.amazon.com/wellarchitected/latest/framework/sec_appsec_manual_code_reviews.html,application-security,Medium
rel_planning_network_topology_ip_subnet_allocation,Medium,Medium,https://docs.aws.amazon.com/wellarchitected/latest/framework/rel_planning_network_topology_ip_subnet_allocation.html,planning-network-topology,Medium
cost_data_transfer_optimized_components,Medium,Low,https://docs.aws.amazon.com/wellarchitected/latest/framework/cost_data_transfer_optimized_components.html,data-transfer,Medium
rel_service_architecture_api_contracts,High,Medium,https://docs.aws.amazon.com/wellarchitected/latest/framework/rel_service_architecture_api_contracts.html,service-architecture,Low
cost_decomissioning_resources_implement_process,Medium,Low,https://docs.aws.amazon.com/wellarchitected/latest/framework/cost_decomissioning_resources_implement_process.html,decomissioning-resources,High
sec_incident_response_pre_deploy_tools,Medium,Medium,https://docs.aws.amazon.com/wellarchitected/latest/framework/sec_incident_response_pre_deploy_tools.html,incident-response,Medium
rel_testing_resiliency_test_non_functional,Medium,Medium,https://docs.aws.amazon.com/wellarchitected/latest/framework/rel_testing_resiliency_test_non_functional.html,testing-resiliency,High
sus_sus_user_a6,Medium,Medium,https://docs.aws.amazon.com/wellarchitected/latest/framework/sus_sus_user_a6.html,sus_user,Low
rel_fault_isolation_select_location,High,Medium,https://docs.aws.amazon.com/wellarchitected/latest/framework/rel_fault_isolation_select_location.html,fault-isolation,Low
cost_monitor_usage_define_attribution,Low,Medium,https://docs.aws.amazon.com/wellarchitected/latest/framework/cost_monitor_usage_define_attribution.html,monitor-usage,High
sus_sus_software_a4,High,Medium,https://docs.aws.amazon.com/wellarchitected/latest/framework/sus_sus_software_a4.html,sus_software,Medium
perf_compute_hardware_collect_compute_related_metrics,Medium,Medium,https://docs.aws.amazon.com/wellarchitected/latest/framework/perf_compute_hardware_collect_compute_related_metrics.html,compute-hardware,High
perf_right_storage_solution_understand_char,Medium,Medium,https://docs.aws.amazon.com/wellarchitected/latest/framework/perf_right_storage_solution_understand_char.html,right-storage-solution,High
perf_architecture_use_benchmarking,Low,Medium,https://docs.aws.amazon.com/wellarchitected/latest/framework/perf_architecture_use_benchmarking.html,performing-architecture,Medium
rel_mitigate_interaction_failure_stateless,High,High,https://docs.aws.amazon.com/wellarchitected/latest/framework/rel_mitigate_interaction_failure_stateless.html,mitigate-interaction-failure,Medium
sec_data_classification_identify_data,Medium,Medium,https://docs.aws.amazon.com/wellarchitected/latest/framework/sec_data_classification_identify_data.html,data-classification,High
rel_withstand_component_failures_service_level_agreements,High,Medium,https://docs.aws.amazon.com/wellarchitected/latest/framework/rel_withstand_component_failures_service_level_agreements.html,withstand-component-failures,Medium
perf_networking_understand_how_networking_impacts_performance,High,High,https://docs.aws.amazon.com/wellarchitected/latest/framework/perf_networking_understand_how_networking_impacts_performance.html,networking,High
rel_planning_for_recovery_disaster_recovery,High,Medium,https://docs.aws.amazon.com/wellarchitected/latest/framework/rel_planning_for_recovery_disaster_recovery.html,planning-for-recovery,High
ops_workload_health_learn_workload_usage_patterns,Medium,Medium,https://docs.aws.amazon.com/wellarchitected/latest/framework/ops_workload_health_learn_workload_usage_patterns.html,workload-health,Medium
rel_manage_service_limits_monitor_manage_limits,Medium,Medium,https://docs.aws.amazon.com/wellarchitected/latest/framework/rel_manage_service_limits_monitor_manage_limits.html,manage-service-limits,Medium
sec_permissions_emergency_process,Medium,Medium,https://docs.aws.amazon.com/wellarchitected/latest/framework/sec_permissions_emergency_process.html,permissions,Low
rel_planning_network_topology_prefer_hub_and_spoke,Medium,Medium,https://docs.aws.amazon.com/wellarchitected/latest/framework/rel_planning_network_topology_prefer_hub_and_spoke.html,planning-network-topology,Medium
perf_data_implement_strategies_to_improve_query_performance,High,High,https://docs.aws.amazon.com/wellarchitected/latest/framework/perf_data_implement_strategies_to_improve_query_performance.html,data-management,Medium
perf_compute_hardware_configure_and_right_size_compute_resources,Medium,Medium,https://docs.aws.amazon.com/wellarchitected/latest/framework/perf_compute_hardware_configure_and_right_size_compute_resources.html,compute-hardware,Medium
cost_cloud_financial_management_cost_awareness,Medium,Medium,https://docs.aws.amazon.com/wellarchitected/latest/framework/cost_cloud_financial_management_cost_awareness.html,cloud-financial-management,High
sec_protect_compute_vulnerability_management,Medium,Medium,https://docs.aws.amazon.com/wellarchitected/latest/framework/sec_protect_compute_vulnerability_management.html,protect-compute,High
perf_monitor_instances_post_launch_review_metrics,Medium,Low,https://docs.aws.amazon.com/wellarchitected/latest/framework/perf_monitor_instances_post_launch_review_metrics.html,monitor-instances-post-launch,Medium
ops_workload_health_workload_outcome_alerts,Medium,Medium,https://docs.aws.amazon.com/wellarchitected/latest/framework/ops_workload_health_workload_outcome_alerts.html,workload-health,High
perf_data_evaluate_configuration_options_data_store,Medium,Medium,https://docs.aws.amazon.com/wellarchitected/latest/framework/perf_data_evaluate_configuration_options_data_store.html,data-management,Medium
ops_evolve_ops_process_cont_imp,Medium,High,https://docs.aws.amazon.com/wellarchitected/latest/framework/ops_evolve_ops_process_cont_imp.html,evolve-ops,High
perf_tradeoffs_performance_design_patterns,Medium,Medium,https://docs.aws.amazon.com/wellarchitected/latest/framework/perf_tradeoffs_performance_design_patterns.html,tradeoffs-performance,Medium
cost_cloud_financial_management_quantify_value,Medium,Medium,https://docs.aws.amazon.com/wellarchitected/latest/framework/cost_cloud_financial_management_quantify_value.html,cloud-financial-management,Medium
sec_permissions_least_privileges,Medium,Medium,https://docs.aws.amazon.com/wellarchitected/latest/framework/sec_permissions_least_privileges.html,permissions,High
sec_permissions_continuous_reduction,Medium,High,https://docs.aws.amazon.com/wellarchitected/latest/framework/sec_permissions_continuous_reduction.html,permissions,Low
cost_data_transfer_implement_services,Medium,Low,https://docs.aws.amazon.com/wellarchitected/latest/framework/cost_data_transfer_implement_services.html,data-transfer,Medium
ops_operations_health_define_ops_kpis,Medium,Medium,https://docs.aws.amazon.com/wellarchitected/latest/framework/ops_operations_health_define_ops_kpis.html,operations-health,Medium
ops_evolve_ops_knowledge_management,Medium,High,https://docs.aws.amazon.com/wellarchitected/latest/framework/ops_evolve_ops_knowledge_management.html,evolve-ops,High
rel_monitor_aws_resources_notification_monitor,Medium,Low,https://docs.aws.amazon.com/wellarchitected/latest/framework/rel_monitor_aws_resources_notification_monitor.html,monitor-aws-resources,High
perf_monitor_instances_post_launch_generate_alarms,Medium,Medium,https://docs.aws.amazon.com/wellarchitected/latest/framework/perf_monitor_instances_post_launch_generate_alarms.html,monitor-instances-post-launch,Medium
cost_decomissioning_resources_decommission,Medium,Medium,https://docs.aws.amazon.com/wellarchitected/latest/framework/cost_decomissioning_resources_decommission.html,decomissioning-resources,Low
ops_dev_integ_test_val_chg,Medium,Medium,https://docs.aws.amazon.com/wellarchitected/latest/framework/ops_dev_integ_test_val_chg.html,dev-integ,High
ops_event_response_process_per_alert,Medium,High,https://docs.aws.amazon.com/wellarchitected/latest/framework/ops_event_response_process_per_alert.html,event-response,High
sec_incident_response_run_game_days,High,Medium,https://docs.aws.amazon.com/wellarchitected/latest/framework/sec_incident_response_run_game_days.html,incident-response,Medium
ops_ready_to_support_const_orr,Medium,High,https://docs.aws.amazon.com/wellarchitected/latest/framework/ops_ready_to_support_const_orr.html,ready-to-support,High
ops_event_response_prioritize_events,Medium,High,https://docs.aws.amazon.com/wellarchitected/latest/framework/ops_event_response_prioritize_events.html,event-response,Medium
rel_tracking_change_management_immutable_infrastructure,High,High,https://docs.aws.amazon.com/wellarchitected/latest/framework/rel_tracking_change_management_immutable_infrastructure.html,tracking-change-management,Medium
ops_ops_model_def_resource_owners,Low,Low,https://docs.aws.amazon.com/wellarchitected/latest/framework/ops_ops_model_def_resource_owners.html,ops-model,High
perf_performing_architecture_use_policies,Medium,Low,https://docs.aws.amazon.com/wellarchitected/latest/framework/perf_performing_architecture_use_policies.html,performing-architecture,Low
ops_telemetry_application_telemetry,High,Medium,https://docs.aws.amazon.com/wellarchitected/latest/framework/ops_telemetry_application_telemetry.html,telemetry,High
ops_ready_to_support_enable_support_plans,Low,Low,https://docs.aws.amazon.com/wellarchitected/latest/framework/ops_ready_to_support_enable_support_plans.html,ready-to-support,Low
sec_incident_response_develop_management_plans,Medium,Medium,https://docs.aws.amazon.com/wellarchitected/latest/framework/sec_incident_response_develop_management_plans.html,incident-response,High
ops_workload_health_define_workload_kpis,Medium,Low,https://docs.aws.amazon.com/wellarchitected/latest/framework/ops_workload_health_define_workload_kpis.html,workload-health,High
cost_evaluate_new_services_review_process,Medium,High,https://docs.aws.amazon.com/wellarchitected/latest/framework/cost_evaluate_new_services_review_process.html,evaluate-new-services,High
ops_dev_integ_code_quality,Medium,High,https://docs.aws.amazon.com/wellarchitected/latest/framework/ops_dev_integ_code_quality.html,dev-integ,Medium
cost_select_service_thorough_analysis,High,Medium,https://docs.aws.amazon.com/wellarchitected/latest/framework/cost_select_service_thorough_analysis.html,select-service,Medium
rel_planning_network_topology_ha_conn_users,Medium,Medium,https://docs.aws.amazon.com/wellarchitected/latest/framework/rel_planning_network_topology_ha_conn_users.html,planning-network-topology,High
rel_manage_service_limits_suff_buffer_limits,Medium,Medium,https://docs.aws.amazon.com/wellarchitected/latest/framework/rel_manage_service_limits_suff_buffer_limits.html,manage-service-limits,Medium
ops_evolve_ops_metrics_review,Medium,High,https://docs.aws.amazon.com/wellarchitected/latest/framework/ops_evolve_ops_metrics_review.html,evolve-ops,Medium
sec_permissions_define_guardrails,Medium,Medium,https://docs.aws.amazon.com/wellarchitected/latest/framework/sec_permissions_define_guardrails.html,permissions,Medium
ops_event_response_event_incident_problem_process,Medium,High,https://docs.aws.amazon.com/wellarchitected/latest/framework/ops_event_response_event_incident_problem_process.html,event-response,High
perf_monitor_instances_post_launch_review_metrics_collected,Low,Low,https://docs.aws.amazon.com/wellarchitected/latest/framework/perf_monitor_instances_post_launch_review_metrics_collected.html,monitor-instances-post-launch,Medium
ops_evolve_ops_drivers_for_imp,Medium,High,https://docs.aws.amazon.com/wellarchitected/latest/framework/ops_evolve_ops_drivers_for_imp.html,evolve-ops,Medium
rel_withstand_component_failures_auto_healing_system,High,High,https://docs.aws.amazon.com/wellarchitected/latest/framework/rel_withstand_component_failures_auto_healing_system.html,withstand-component-failures,High
perf_tradeoffs_performance_critical_areas,High,Medium,https://docs.aws.amazon.com/wellarchitected/latest/framework/perf_tradeoffs_performance_critical_areas.html,tradeoffs-performance,High
perf_right_database_solution_optimize_metrics,Medium,Medium,https://docs.aws.amazon.com/wellarchitected/latest/framework/perf_right_database_solution_optimize_metrics.html,right-database-solution,Low
perf_select_network_hybrid,Medium,Medium,https://docs.aws.amazon.com/wellarchitected/latest/framework/perf_select_network_hybrid.html,select-network,High
sec_securely_operate_aws_account,Low,Low,https://docs.aws.amazon.com/wellarchitected/latest/framework/sec_securely_operate_aws_account.html,securely-operate,High
sec_securely_operate_test_validate_pipeline,Medium,Medium,https://docs.aws.amazon.com/wellarchitected/latest/framework/sec_securely_operate_test_validate_pipeline.html,securely-operate,Medium
sus_sus_hardware_a3,Medium,Low,https://docs.aws.amazon.com/wellarchitected/latest/framework/sus_sus_hardware_a3.html,sus_hardware,Medium
sec_protect_data_rest_key_mgmt,Medium,Medium,https://docs.aws.amazon.com/wellarchitected/latest/framework/sec_protect_data_rest_key_mgmt.html,protect-data-rest,High
sec_network_protection_inspection,Medium,Medium,https://docs.aws.amazon.com/wellarchitected/latest/framework/sec_network_protection_inspection.html,network-protection,Medium
perf_right_database_solution_access_patterns,Low,Low,https://docs.aws.amazon.com/wellarchitected/latest/framework/perf_right_database_solution_access_patterns.html,right-database-solution,Low
perf_compute_hardware_understand_compute_configuration_features,Low,Medium,https://docs.aws.amazon.com/wellarchitected/latest/framework/perf_compute_hardware_understand_compute_configuration_features.html,compute-hardware,Medium
cost_select_service_analyze_over_time,High,Medium,https://docs.aws.amazon.com/wellarchitected/latest/framework/cost_select_service_analyze_over_time.html,select-service,Medium
ops_evolve_ops_allocate_time_for_imp,Medium,High,https://docs.aws.amazon.com/wellarchitected/latest/framework/ops_evolve_ops_allocate_time_for_imp.html,evolve-ops,Low
cost_type_size_number_resources_metrics,High,Medium,https://docs.aws.amazon.com/wellarchitected/latest/framework/cost_type_size_number_resources_metrics.html,type-size-number-resources,Medium
perf_performing_architecture_external_guidance,Low,Low,https://docs.aws.amazon.com/wellarchitected/latest/framework/perf_performing_architecture_external_guidance.html,performing-architecture,Low
perf_process_culture_load_test,Medium,Low,https://docs.aws.amazon.com/wellarchitected/latest/framework/perf_process_culture_load_test.html,process-culture,Low
sec_identities_audit,Low,Low,https://docs.aws.amazon.com/wellarchitected/latest/framework/sec_identities_audit.html,identities,Low
rel_monitor_aws_resources_end_to_end,High,Medium,https://docs.aws.amazon.com/wellarchitected/latest/framework/rel_monitor_aws_resources_end_to_end.html,monitor-aws-resources,Medium
ops_ready_to_support_use_runbooks,Medium,Medium,https://docs.aws.amazon.com/wellarchitected/latest/framework/ops_ready_to_support_use_runbooks.html,ready-to-support,Medium
rel_backing_up_data_automated_backups_data,Medium,Low,https://docs.aws.amazon.com/wellarchitected/latest/framework/rel_backing_up_data_automated_backups_data.html,backing-up-data,Medium
perf_data_use_purpose_built_data_store,High,High,https://docs.aws.amazon.com/wellarchitected/latest/framework/perf_data_use_purpose_built_data_store.html,data-management,High
sec_securely_operate_updated_threats,Medium,High,https://docs.aws.amazon.com/wellarchitected/latest/framework/sec_securely_operate_updated_threats.html,securely-operate,High
cost_cloud_financial_management_proactive_process,Low,High,https://docs.aws.amazon.com/wellarchitected/latest/framework/cost_cloud_financial_management_proactive_process.html,cloud-financial-management,Medium
sec_detect_investigate_events_auto_response,High,Medium,https://docs.aws.amazon.com/wellarchitected/latest/framework/sec_detect_investigate_events_auto_response.html,detect-investigate-events,Low
sec_securely_operate_reduce_management_scope,Medium,Medium,https://docs.aws.amazon.com/wellarchitected/latest/framework/sec_securely_operate_reduce_management_scope.html,securely-operate,Medium
sec_appsec_regularly_assess_security_properties_of_pipelines,Medium,Medium,https://docs.aws.amazon.com/wellarchitected/latest/framework/sec_appsec_regularly_assess_security_properties_of_pipelines.html,application-security,High
